importId;company_id;typeSelect;product.importId;tax.code;productFamily.importId;paymentMode.importId;saleAccount_code;saleTax.code;purchaseAccount_code;purchaseTax.code;cashAccount_code;journal_importId;sequence_importId;bankDetails_importId;purchFixedAssetsAccount.code;fixedAssetCategory.importId;interbankCodeLine.importId;financialDiscountAccount.code
1;1;1;1;N_D;7;;707005;N_C;607100;N_D;;;;;;;;
2;1;1;2;N_D;7;;707005;N_C;607100;N_D;;;;;;;;
3;1;1;3;N_D;7;;707005;N_C;607100;N_D;;;;;;;;
4;1;1;4;N_D;7;;707005;N_C;607100;N_D;;;;;;;;
5;1;1;5;N_D;7;;707005;N_C;607100;N_D;;;;;;;;
6;1;1;6;N_D;7;;707005;N_C;607100;N_D;;;;;;;;
7;1;1;7;N_D;7;;707005;N_C;607100;N_D;;;;;;;;
8;1;1;8;N_D;7;;707005;N_C;607100;N_D;;;;;;;;
9;1;1;9;N_D;7;;707005;N_C;607100;N_D;;;;;;;;
10;1;1;10;N_D;7;;707005;N_C;607100;N_D;;;;;;;;
11;1;1;11;N_D;7;;707005;N_C;607100;N_D;;;;;;;;
12;1;1;12;N_D;7;;707005;N_C;607100;N_D;;;;;;;;
13;1;1;13;N_D;7;;707005;N_C;607100;N_D;;;;;;;;
14;1;1;14;N_D;7;;707005;N_C;607100;N_D;;;;;;;;
15;1;1;15;N_D;7;;707005;N_C;607100;N_D;;;;;;;;
16;1;1;16;N_D;7;;707005;N_C;607100;N_D;;;;;;;;
17;1;1;17;N_D;7;;707005;N_C;607100;N_D;;;;;;;;
18;1;1;18;N_D;7;;707005;N_C;607100;N_D;;;;;;;;
19;1;1;19;N_D;7;;707005;N_C;607100;N_D;;;;;;;;
20;1;1;20;N_D;7;;707005;N_C;607100;N_D;;;;;;;;
21;1;1;21;N_D;7;;707005;N_C;607100;N_D;;;;;;;;
22;1;1;22;N_D;7;;707005;N_C;607100;N_D;;;;;;;;
23;1;1;23;N_D;7;;707005;N_C;607100;N_D;;;;;;;;
24;1;1;24;N_D;7;;707005;N_C;607100;N_D;;;;;;;;
25;1;1;25;N_D;7;;707005;N_C;607100;N_D;;;;;;;;
26;1;1;26;N_D;7;;707005;N_C;607100;N_D;;;;;;;;
27;1;1;27;N_D;7;;707005;N_C;607100;N_D;;;;;;;;
28;1;1;28;N_D;7;;707005;N_C;607100;N_D;;;;;;;;
29;1;1;29;N_D;7;;707005;N_C;607100;N_D;;;;;;;;
30;1;1;30;N_D;7;;707005;N_C;607100;N_D;;;;;;;;
31;1;1;31;N_D;7;;707005;N_C;607100;N_D;;;;;;;;
32;1;1;32;N_D;7;;707005;N_C;607100;N_D;;;;;;;;
33;1;1;33;N_D;7;;707005;N_C;607100;N_D;;;;;;;;
34;1;1;34;N_D;7;;707005;N_C;607100;N_D;;;;;;;;
35;1;1;35;N_D;7;;707005;N_C;607100;N_D;;;;;;;;
36;1;1;36;N_D;7;;707005;N_C;607100;N_D;;;;;;;;
37;1;1;37;N_D;7;;707005;N_C;607100;N_D;;;;;;;;
38;1;1;38;N_D;7;;707005;N_C;607100;N_D;;;;;;;;
39;1;1;39;N_D;7;;707005;N_C;607100;N_D;;;;;;;;
40;1;1;40;N_D;7;;707005;N_C;607100;N_D;;;;;;;;
41;1;1;41;N_D;7;;707005;N_C;607100;N_D;;;;;;;;
42;1;1;42;N_D;7;;707005;N_C;607100;N_D;;;;;;;;
43;1;1;43;N_D;7;;707005;N_C;607100;N_D;;;;;;;;
44;1;1;44;N_D;7;;707005;N_C;607100;N_D;;;;;;;;
45;1;1;45;N_D;7;;707005;N_C;607100;N_D;;;;;;;;
46;1;1;46;N_D;7;;707005;N_C;607100;N_D;;;;;;;;
47;1;1;47;N_D;7;;707005;N_C;607100;N_D;;;;;;;;
48;1;1;48;N_D;7;;707005;N_C;607100;N_D;;;;;;;;
49;1;1;49;N_D;7;;707005;N_C;607100;N_D;;;;;;;;
50;1;1;50;N_D;7;;707005;N_C;607100;N_D;;;;;;;;
51;1;1;51;N_D;7;;707005;N_C;607100;N_D;;;;;;;;
52;1;1;52;N_D;7;;707005;N_C;607100;N_D;;;;;;;;
53;1;1;53;N_D;7;;707005;N_C;607100;N_D;;;;;;;;
54;1;1;54;N_D;7;;707005;N_C;607100;N_D;;;;;;;;
55;1;1;55;N_D;7;;707005;N_C;607100;N_D;;;;;;;;
56;1;1;56;N_D;7;;707005;N_C;607100;N_D;;;;;;;;
57;1;1;57;N_D;7;;707005;N_C;607100;N_D;;;;;;;;
58;1;1;58;N_D;7;;707005;N_C;607100;N_D;;;;;;;;
59;1;1;59;N_D;7;;707005;N_C;607100;N_D;;;;;;;;
60;1;1;60;N_D;7;;707005;N_C;607100;N_D;;;;;;;;
61;1;1;61;N_D;7;;707005;N_C;607100;N_D;;;;;;;;
62;1;1;62;N_D;7;;707005;N_C;607100;N_D;;;;;;;;
63;1;1;63;N_D;7;;707005;N_C;607100;N_D;;;;;;;;
64;1;1;64;N_D;7;;707005;N_C;607100;N_D;;;;;;;;
65;1;1;65;N_D;7;;707005;N_C;607100;N_D;;;;;;;;
66;1;1;66;N_D;7;;707005;N_C;607100;N_D;;;;;;;;
67;1;1;67;N_D;7;;707005;N_C;607100;N_D;;;;;;;;
68;1;1;68;N_D;7;;707005;N_C;607100;N_D;;;;;;;;
69;1;1;69;N_D;7;;707005;N_C;607100;N_D;;;;;;;;
70;1;1;70;N_D;7;;707005;N_C;607100;N_D;;;;;;;;
71;1;1;71;N_D;7;;707005;N_C;607100;N_D;;;;;;;;
72;1;1;72;N_D;7;;707005;N_C;607100;N_D;;;;;;;;
73;1;1;73;N_D;7;;707005;N_C;607100;N_D;;;;;;;;
74;1;1;74;N_D;7;;707005;N_C;607100;N_D;;;;;;;;
75;1;1;75;N_D;7;;707005;N_C;607100;N_D;;;;;;;;
76;1;1;76;N_D;7;;707005;N_C;607100;N_D;;;;;;;;
77;1;1;77;N_D;7;;707005;N_C;607100;N_D;;;;;;;;
78;1;1;78;N_D;7;;707005;N_C;607100;N_D;;;;;;;;
79;1;1;79;N_D;7;;707005;N_C;607100;N_D;;;;;;;;
80;1;1;80;N_D;7;;707005;N_C;607100;N_D;;;;;;;;
81;1;1;81;R2_D;7;;707005;R2_C;607100;R2_D;;;;;;;;
82;1;1;82;R2_D;7;;707005;R2_C;607100;R2_D;;;;;;;;
83;1;1;83;R2_D;7;;707005;R2_C;607100;R2_D;;;;;;;;
84;1;1;84;R2_D;7;;707005;R2_C;607100;R2_D;;;;;;;;
85;1;1;85;R2_D;7;;707005;R2_C;607100;R2_D;;;;;;;;
86;1;1;86;R2_D;7;;707005;R2_C;607100;R2_D;;;;;;;;
87;1;1;87;R2_D;7;;707005;R2_C;607100;R2_D;;;;;;;;
88;1;1;88;R2_D;7;;707005;R2_C;607100;R2_D;;;;;;;;
89;1;1;89;R2_D;7;;707005;R2_C;607100;R2_D;;;;;;;;
90;1;1;90;R2_D;7;;707005;R2_C;607100;R2_D;;;;;;;;
91;1;1;91;R2_D;7;;707005;R2_C;607100;R2_D;;;;;;;;
92;1;1;92;R2_D;7;;707005;R2_C;607100;R2_D;;;;;;;;
93;1;1;93;R2_D;7;;707005;R2_C;607100;R2_D;;;;;;;;
94;1;1;94;R2_D;7;;707005;R2_C;607100;R2_D;;;;;;;;
95;1;1;95;R2_D;7;;707005;R2_C;607100;R2_D;;;;;;;;
96;1;1;96;R2_D;7;;707005;R2_C;607100;R2_D;;;;;;;;
97;1;1;97;R2_D;7;;707005;R2_C;607100;R2_D;;;;;;;;
98;1;1;98;R2_D;7;;707005;R2_C;607100;R2_D;;;;;;;;
99;1;1;99;R2_D;7;;707005;R2_C;607100;R2_D;;;;;;;;
100;1;1;100;R2_D;7;;707005;R2_C;607100;R2_D;;;;;;;;
101;1;1;101;R2_D;7;;707005;R2_C;607100;R2_D;;;;;;;;
102;1;1;102;R2_D;7;;707005;R2_C;607100;R2_D;;;;;;;;
103;1;1;103;R2_D;7;;707005;R2_C;607100;R2_D;;;;;;;;
104;1;1;104;R2_D;7;;707005;R2_C;607100;R2_D;;;;;;;;
105;1;1;105;R2_D;7;;707005;R2_C;607100;R2_D;;;;;;;;
106;1;1;106;R2_D;7;;707005;R2_C;607100;R2_D;;;;;;;;
107;1;1;107;R2_D;7;;707005;R2_C;607100;R2_D;;;;;;;;
108;1;1;108;R2_D;7;;707005;R2_C;607100;R2_D;;;;;;;;
109;1;1;109;R2_D;7;;707005;R2_C;607100;R2_D;;;;;;;;
110;1;1;110;R2_D;7;;707005;R2_C;607100;R2_D;;;;;;;;
111;1;1;111;R2_D;7;;707005;R2_C;607100;R2_D;;;;;;;;
112;1;1;112;R2_D;7;;707005;R2_C;607100;R2_D;;;;;;;;
113;1;1;113;R2_D;7;;707005;R2_C;607100;R2_D;;;;;;;;
114;1;1;114;R2_D;7;;707005;R2_C;607100;R2_D;;;;;;;;
115;1;1;115;R2_D;7;;707005;R2_C;607100;R2_D;;;;;;;;
116;1;1;116;R2_D;7;;707005;R2_C;607100;R2_D;;;;;;;;
117;1;1;117;R2_D;7;;707005;R2_C;607100;R2_D;;;;;;;;
118;1;1;118;R2_D;7;;707005;R2_C;607100;R2_D;;;;;;;;
119;1;1;119;R2_D;7;;707005;R2_C;607100;R2_D;;;;;;;;
120;1;1;120;R2_D;7;;707005;R2_C;607100;R2_D;;;;;;;;
121;1;1;121;R2_D;7;;707005;R2_C;607100;R2_D;;;;;;;;
122;1;1;122;R2_D;7;;707005;R2_C;607100;R2_D;;;;;;;;
123;1;1;123;R2_D;7;;707005;R2_C;607100;R2_D;;;;;;;;
124;1;1;124;R2_D;7;;707005;R2_C;607100;R2_D;;;;;;;;
125;1;1;125;R2_D;7;;707005;R2_C;607100;R2_D;;;;;;;;
126;1;1;126;R2_D;7;;707005;R2_C;607100;R2_D;;;;;;;;
127;1;1;127;R2_D;7;;707005;R2_C;607100;R2_D;;;;;;;;
128;1;1;128;R2_D;7;;707005;R2_C;607100;R2_D;;;;;;;;
129;1;1;129;R2_D;7;;707005;R2_C;607100;R2_D;;;;;;;;
130;1;1;130;R2_D;7;;707005;R2_C;607100;R2_D;;;;;;;;
131;1;1;131;R2_D;7;;707005;R2_C;607100;R2_D;;;;;;;;
132;1;1;132;R2_D;7;;707005;R2_C;607100;R2_D;;;;;;;;
133;1;1;133;R2_D;7;;707005;R2_C;607100;R2_D;;;;;;;;
134;1;1;134;R2_D;7;;707005;R2_C;607100;R2_D;;;;;;;;
135;1;1;135;R2_D;7;;707005;R2_C;607100;R2_D;;;;;;;;
136;1;1;136;R2_D;7;;707005;R2_C;607100;R2_D;;;;;;;;
137;1;1;137;R2_D;7;;707005;R2_C;607100;R2_D;;;;;;;;
138;1;1;138;R2_D;7;;707005;R2_C;607100;R2_D;;;;;;;;
139;1;1;139;R2_D;7;;707005;R2_C;607100;R2_D;;;;;;;;
140;1;1;140;R2_D;7;;707005;R2_C;607100;R2_D;;;;;;;;
141;1;1;141;R2_D;7;;707005;R2_C;607100;R2_D;;;;;;;;
142;1;1;142;R2_D;7;;707005;R2_C;607100;R2_D;;;;;;;;
143;1;1;143;R2_D;7;;707005;R2_C;607100;R2_D;;;;;;;;
144;1;1;144;R2_D;7;;707005;R2_C;607100;R2_D;;;;;;;;
145;1;1;145;R2_D;7;;707005;R2_C;607100;R2_D;;;;;;;;
146;1;1;146;R2_D;7;;707005;R2_C;607100;R2_D;;;;;;;;
147;1;1;147;R2_D;7;;707005;R2_C;607100;R2_D;;;;;;;;
148;1;1;148;R2_D;7;;707005;R2_C;607100;R2_D;;;;;;;;
149;1;1;149;R2_D;7;;707005;R2_C;607100;R2_D;;;;;;;;
150;1;1;150;R2_D;7;;707005;R2_C;607100;R2_D;;;;;;;;
151;1;1;151;R2_D;7;;707005;R2_C;607100;R2_D;;;;;;;;
152;1;1;152;R2_D;7;;707005;R2_C;607100;R2_D;;;;;;;;
153;1;1;153;R2_D;7;;707005;R2_C;607100;R2_D;;;;;;;;
154;1;1;154;R2_D;7;;707005;R2_C;607100;R2_D;;;;;;;;
155;1;1;155;R2_D;7;;707005;R2_C;607100;R2_D;;;;;;;;
156;1;1;156;R2_D;7;;707005;R2_C;607100;R2_D;;;;;;;;
157;1;1;157;R2_D;7;;707005;R2_C;607100;R2_D;;;;;;;;
158;1;1;158;R2_D;7;;707005;R2_C;607100;R2_D;;;;;;;;
159;1;1;159;R2_D;7;;707005;R2_C;607100;R2_D;;;;;;;;
160;1;1;160;R2_D;7;;707005;R2_C;607100;R2_D;;;;;;;;
161;1;1;161;R2_D;7;;707005;R2_C;607100;R2_D;;;;;;;;
162;1;1;162;R2_D;7;;707005;R2_C;607100;R2_D;;;;;;;;
163;1;1;163;R2_D;7;;707005;R2_C;607100;R2_D;;;;;;;;
164;1;1;164;R2_D;7;;707005;R2_C;607100;R2_D;;;;;;;;
165;1;1;165;R2_D;7;;707005;R2_C;607100;R2_D;;;;;;;;
166;1;1;166;R2_D;7;;707005;R2_C;607100;R2_D;;;;;;;;
167;1;1;167;R2_D;7;;707005;R2_C;607100;R2_D;;;;;;;;
168;1;1;168;R2_D;7;;707005;R2_C;607100;R2_D;;;;;;;;
169;1;1;169;R2_D;7;;707005;R2_C;607100;R2_D;;;;;;;;
170;1;1;170;R2_D;7;;707005;R2_C;607100;R2_D;;;;;;;;
171;1;1;171;R2_D;7;;707005;R2_C;607100;R2_D;;;;;;;;
172;1;1;172;R2_D;7;;707005;R2_C;607100;R2_D;;;;;;;;
173;1;1;173;R2_D;7;;707005;R2_C;607100;R2_D;;;;;;;;
174;1;1;174;R2_D;7;;707005;R2_C;607100;R2_D;;;;;;;;
175;1;1;175;R2_D;7;;707005;R2_C;607100;R2_D;;;;;;;;
176;1;1;176;R2_D;7;;707005;R2_C;607100;R2_D;;;;;;;;
177;1;1;177;R2_D;7;;707005;R2_C;607100;R2_D;;;;;;;;
178;1;1;178;R2_D;7;;707005;R2_C;607100;R2_D;;;;;;;;
179;1;1;179;R2_D;7;;707005;R2_C;607100;R2_D;;;;;;;;
180;1;1;180;R2_D;7;;707005;R2_C;607100;R2_D;;;;;;;;
181;1;1;181;R2_D;7;;707005;R2_C;607100;R2_D;;;;;;;;
182;1;1;182;R2_D;7;;707005;R2_C;607100;R2_D;;;;;;;;
183;1;1;183;R2_D;7;;707005;R2_C;607100;R2_D;;;;;;;;
184;1;1;184;R2_D;7;;707005;R2_C;607100;R2_D;;;;;;;;
185;1;1;185;R2_D;7;;707005;R2_C;607100;R2_D;;;;;;;;
186;1;1;186;R2_D;7;;707005;R2_C;607100;R2_D;;;;;;;;
187;1;1;187;R2_D;7;;707005;R2_C;607100;R2_D;;;;;;;;
188;1;1;188;R2_D;7;;707005;R2_C;607100;R2_D;;;;;;;;
189;1;1;189;R2_D;7;;707005;R2_C;607100;R2_D;;;;;;;;
190;1;1;190;R2_D;7;;707005;R2_C;607100;R2_D;;;;;;;;
191;1;1;191;R2_D;7;;707005;R2_C;607100;R2_D;;;;;;;;
192;1;1;192;R2_D;7;;707005;R2_C;607100;R2_D;;;;;;;;
193;1;1;193;R2_D;7;;707005;R2_C;607100;R2_D;;;;;;;;
194;1;1;194;R2_D;7;;707005;R2_C;607100;R2_D;;;;;;;;
195;1;1;195;R2_D;7;;707005;R2_C;607100;R2_D;;;;;;;;
196;1;1;196;R2_D;7;;707005;R2_C;607100;R2_D;;;;;;;;
197;1;1;197;R2_D;7;;707005;R2_C;607100;R2_D;;;;;;;;
198;1;1;198;R2_D;7;;707005;R2_C;607100;R2_D;;;;;;;;
199;1;1;199;R2_D;7;;707005;R2_C;607100;R2_D;;;;;;;;
200;1;1;200;R2_D;7;;707005;R2_C;607100;R2_D;;;;;;;;
201;1;1;201;R2_D;7;;707005;R2_C;607100;R2_D;;;;;;;;
202;1;1;202;R2_D;7;;707005;R2_C;607100;R2_D;;;;;;;;
203;1;1;203;R2_D;7;;707005;R2_C;607100;R2_D;;;;;;;;
204;1;1;204;R2_D;7;;707005;R2_C;607100;R2_D;;;;;;;;
205;1;1;205;R2_D;7;;707005;R2_C;607100;R2_D;;;;;;;;
206;1;1;206;R2_D;7;;707005;R2_C;607100;R2_D;;;;;;;;
207;1;1;207;R2_D;7;;707005;R2_C;607100;R2_D;;;;;;;;
208;1;1;208;R2_D;7;;707005;R2_C;607100;R2_D;;;;;;;;
209;1;1;209;R2_D;7;;707005;R2_C;607100;R2_D;;;;;;;;
210;1;1;210;R2_D;7;;707005;R2_C;607100;R2_D;;;;;;;;
211;1;1;211;R2_D;7;;707005;R2_C;607100;R2_D;;;;;;;;
212;1;1;212;R2_D;7;;707005;R2_C;607100;R2_D;;;;;;;;
213;1;1;213;R2_D;7;;707005;R2_C;607100;R2_D;;;;;;;;
214;1;1;214;R2_D;7;;707005;R2_C;607100;R2_D;;;;;;;;
215;1;1;215;R2_D;7;;707005;R2_C;607100;R2_D;;;;;;;;
216;1;1;216;R2_D;7;;707005;R2_C;607100;R2_D;;;;;;;;
217;1;1;217;R2_D;7;;707005;R2_C;607100;R2_D;;;;;;;;
218;1;1;218;R2_D;7;;707005;R2_C;607100;R2_D;;;;;;;;
219;1;1;219;R2_D;7;;707005;R2_C;607100;R2_D;;;;;;;;
220;1;1;220;R2_D;7;;707005;R2_C;607100;R2_D;;;;;;;;
221;1;1;221;R2_D;7;;707005;R2_C;607100;R2_D;;;;;;;;
222;1;1;222;R2_D;7;;707005;R2_C;607100;R2_D;;;;;;;;
223;1;1;223;R2_D;7;;707005;R2_C;607100;R2_D;;;;;;;;
224;1;1;224;R2_D;7;;707005;R2_C;607100;R2_D;;;;;;;;
225;1;1;225;R2_D;7;;707005;R2_C;607100;R2_D;;;;;;;;
226;1;1;226;R2_D;7;;707005;R2_C;607100;R2_D;;;;;;;;
227;1;1;227;R2_D;7;;707005;R2_C;607100;R2_D;;;;;;;;
228;1;1;228;R2_D;7;;707005;R2_C;607100;R2_D;;;;;;;;
229;1;1;229;R2_D;7;;707005;R2_C;607100;R2_D;;;;;;;;
230;1;1;230;R2_D;7;;707005;R2_C;607100;R2_D;;;;;;;;
231;1;1;231;R2_D;7;;707005;R2_C;607100;R2_D;;;;;;;;
232;1;1;232;R2_D;7;;707005;R2_C;607100;R2_D;;;;;;;;
233;1;1;233;R2_D;7;;707005;R2_C;607100;R2_D;;;;;;;;
234;1;1;234;R2_D;7;;707005;R2_C;607100;R2_D;;;;;;;;
235;1;1;235;R2_D;7;;707005;R2_C;607100;R2_D;;;;;;;;
236;1;1;236;R2_D;7;;707005;R2_C;607100;R2_D;;;;;;;;
237;1;1;237;R2_D;7;;707005;R2_C;607100;R2_D;;;;;;;;
238;1;1;238;R2_D;7;;707005;R2_C;607100;R2_D;;;;;;;;
239;1;1;239;R2_D;7;;707005;R2_C;607100;R2_D;;;;;;;;
240;1;1;240;R2_D;7;;707005;R2_C;607100;R2_D;;;;;;;;
241;1;1;241;R2_D;7;;707005;R2_C;607100;R2_D;;;;;;;;
242;1;1;242;R2_D;7;;707005;R2_C;607100;R2_D;;;;;;;;
243;1;1;243;R2_D;7;;707005;R2_C;607100;R2_D;;;;;;;;
244;1;1;244;R2_D;7;;707005;R2_C;607100;R2_D;;;;;;;;
245;1;1;245;R2_D;7;;707005;R2_C;607100;R2_D;;;;;;;;
246;1;1;246;R2_D;7;;707005;R2_C;607100;R2_D;;;;;;;;
247;1;1;247;R2_D;7;;707005;R2_C;607100;R2_D;;;;;;;;
248;1;1;248;R2_D;7;;707005;R2_C;607100;R2_D;;;;;;;;
249;1;1;249;R2_D;7;;707005;R2_C;607100;R2_D;;;;;;;;
250;1;1;250;R2_D;7;;707005;R2_C;607100;R2_D;;;;;;;;
251;1;1;251;R2_D;7;;707005;R2_C;607100;R2_D;;;;;;;;
252;1;1;252;R2_D;7;;707005;R2_C;607100;R2_D;;;;;;;;
253;1;1;253;R2_D;7;;707005;R2_C;607100;R2_D;;;;;;;;
254;1;1;254;R2_D;7;;707005;R2_C;607100;R2_D;;;;;;;;
255;1;1;255;R2_D;7;;707005;R2_C;607100;R2_D;;;;;;;;
256;1;1;256;R2_D;7;;707005;R2_C;607100;R2_D;;;;;;;;
257;1;1;257;R2_D;7;;707005;R2_C;607100;R2_D;;;;;;;;
258;1;1;258;R2_D;7;;707005;R2_C;607100;R2_D;;;;;;;;
259;1;1;259;R2_D;7;;707005;R2_C;607100;R2_D;;;;;;;;
260;1;1;260;R2_D;7;;707005;R2_C;607100;R2_D;;;;;;;;
261;1;1;261;R2_D;7;;707005;R2_C;607100;R2_D;;;;;;;;
262;1;1;262;R2_D;7;;707005;R2_C;607100;R2_D;;;;;;;;
263;1;1;263;R2_D;7;;707005;R2_C;607100;R2_D;;;;;;;;
264;1;1;264;R2_D;7;;707005;R2_C;607100;R2_D;;;;;;;;
265;1;1;265;R2_D;7;;707005;R2_C;607100;R2_D;;;;;;;;
266;1;1;266;R2_D;7;;707005;R2_C;607100;R2_D;;;;;;;;
267;1;1;267;R2_D;7;;707005;R2_C;607100;R2_D;;;;;;;;
268;1;1;268;R2_D;7;;707005;R2_C;607100;R2_D;;;;;;;;
269;1;1;269;R2_D;7;;707005;R2_C;607100;R2_D;;;;;;;;
270;1;1;270;R2_D;7;;707005;R2_C;607100;R2_D;;;;;;;;
271;1;1;271;R2_D;7;;707005;R2_C;607100;R2_D;;;;;;;;
272;1;1;272;R2_D;7;;707005;R2_C;607100;R2_D;;;;;;;;
273;1;1;273;R2_D;7;;707005;R2_C;607100;R2_D;;;;;;;;
274;1;1;274;R2_D;7;;707005;R2_C;607100;R2_D;;;;;;;;
275;1;1;275;N_D;7;;707005;N_C;607100;N_D;;;;;;;;
276;1;1;276;R2_D;7;;707005;R2_C;607100;R2_D;;;;;;;;
277;1;1;277;R2_D;7;;707005;R2_C;607100;R2_D;;;;;;;;
278;1;1;278;R2_D;7;;707005;R2_C;607100;R2_D;;;;;;;;
279;1;1;279;R2_D;7;;707005;R2_C;607100;R2_D;;;;;;;;
280;1;1;280;R2_D;7;;707005;R2_C;607100;R2_D;;;;;;;;
281;1;1;281;R2_D;7;;707005;R2_C;607100;R2_D;;;;;;;;
282;1;1;282;R2_D;7;;707005;R2_C;607100;R2_D;;;;;;;;
283;1;1;283;R2_D;7;;707005;R2_C;607100;R2_D;;;;;;;;
284;1;1;284;R2_D;7;;707005;R2_C;607100;R2_D;;;;;;;;
285;1;1;285;R2_D;7;;707005;R2_C;607100;R2_D;;;;;;;;
286;1;1;286;R2_D;7;;707005;R2_C;607100;R2_D;;;;;;;;
287;1;1;287;R2_D;7;;707005;R2_C;607100;R2_D;;;;;;;;
288;1;1;288;R2_D;7;;707005;R2_C;607100;R2_D;;;;;;;;
289;1;1;289;R2_D;7;;707005;R2_C;607100;R2_D;;;;;;;;
290;1;1;290;R2_D;7;;707005;R2_C;607100;R2_D;;;;;;;;
291;1;1;291;R2_D;7;;707005;R2_C;607100;R2_D;;;;;;;;
292;1;1;292;R2_D;7;;707005;R2_C;607100;R2_D;;;;;;;;
293;1;1;293;R2_D;7;;707005;R2_C;607100;R2_D;;;;;;;;
294;1;1;294;R2_D;7;;707005;R2_C;607100;R2_D;;;;;;;;
295;1;1;295;R2_D;7;;707005;R2_C;607100;R2_D;;;;;;;;
296;1;1;296;R2_D;7;;707005;R2_C;607100;R2_D;;;;;;;;
297;1;1;297;R2_D;7;;707005;R2_C;607100;R2_D;;;;;;;;
298;1;1;298;R2_D;7;;707005;R2_C;607100;R2_D;;;;;;;;
299;1;1;299;R2_D;7;;707005;R2_C;607100;R2_D;;;;;;;;
300;1;1;300;R2_D;7;;707005;R2_C;607100;R2_D;;;;;;;;
301;1;1;301;R2_D;7;;707005;R2_C;607100;R2_D;;;;;;;;
302;1;1;302;R2_D;7;;707005;R2_C;607100;R2_D;;;;;;;;
303;1;1;303;R2_D;7;;707005;R2_C;607100;R2_D;;;;;;;;
304;1;1;304;R2_D;7;;707005;R2_C;607100;R2_D;;;;;;;;
305;1;1;305;R2_D;7;;707005;R2_C;607100;R2_D;;;;;;;;
306;1;1;306;R2_D;7;;707005;R2_C;607100;R2_D;;;;;;;;
307;1;1;307;R2_D;7;;707005;R2_C;607100;R2_D;;;;;;;;
308;1;1;308;R2_D;7;;707005;R2_C;607100;R2_D;;;;;;;;
309;1;1;309;R2_D;7;;707005;R2_C;607100;R2_D;;;;;;;;
310;1;1;310;R2_D;7;;707005;R2_C;607100;R2_D;;;;;;;;
311;1;1;311;R2_D;7;;707005;R2_C;607100;R2_D;;;;;;;;
312;1;1;312;R2_D;7;;707005;R2_C;607100;R2_D;;;;;;;;
313;1;1;313;R2_D;7;;707005;R2_C;607100;R2_D;;;;;;;;
314;1;1;314;R2_D;7;;707005;R2_C;607100;R2_D;;;;;;;;
315;1;1;315;R2_D;7;;707005;R2_C;607100;R2_D;;;;;;;;
316;1;1;316;R2_D;7;;707005;R2_C;607100;R2_D;;;;;;;;
317;1;1;317;R2_D;7;;707005;R2_C;607100;R2_D;;;;;;;;
318;1;1;318;R2_D;7;;707005;R2_C;607100;R2_D;;;;;;;;
319;1;1;319;R2_D;7;;707005;R2_C;607100;R2_D;;;;;;;;
320;1;1;320;R2_D;7;;707005;R2_C;607100;R2_D;;;;;;;;
321;1;1;321;R2_D;7;;707005;R2_C;607100;R2_D;;;;;;;;
322;1;1;322;R2_D;7;;707005;R2_C;607100;R2_D;;;;;;;;
323;1;1;323;R2_D;7;;707005;R2_C;607100;R2_D;;;;;;;;
324;1;1;324;R2_D;7;;707005;R2_C;607100;R2_D;;;;;;;;
325;1;1;325;R2_D;7;;707005;R2_C;607100;R2_D;;;;;;;;
326;1;1;326;R2_D;7;;707005;R2_C;607100;R2_D;;;;;;;;
327;1;1;327;R2_D;7;;707005;R2_C;607100;R2_D;;;;;;;;
328;1;1;328;R2_D;7;;707005;R2_C;607100;R2_D;;;;;;;;
329;1;1;329;R2_D;7;;707005;R2_C;607100;R2_D;;;;;;;;
330;1;1;330;R2_D;7;;707005;R2_C;607100;R2_D;;;;;;;;
331;1;1;331;R2_D;7;;707005;R2_C;607100;R2_D;;;;;;;;
332;1;1;332;R2_D;7;;707005;R2_C;607100;R2_D;;;;;;;;
333;1;1;333;R2_D;7;;707005;R2_C;607100;R2_D;;;;;;;;
334;1;1;334;R2_D;7;;707005;R2_C;607100;R2_D;;;;;;;;
335;1;1;335;R2_D;7;;707005;R2_C;607100;R2_D;;;;;;;;
336;1;1;336;R2_D;7;;707005;R2_C;607100;R2_D;;;;;;;;
337;1;1;337;R2_D;7;;707005;R2_C;607100;R2_D;;;;;;;;
338;1;1;338;R2_D;7;;707005;R2_C;607100;R2_D;;;;;;;;
339;1;1;339;R2_D;7;;707005;R2_C;607100;R2_D;;;;;;;;
340;1;1;340;R2_D;7;;707005;R2_C;607100;R2_D;;;;;;;;
341;1;1;341;R2_D;7;;707005;R2_C;607100;R2_D;;;;;;;;
342;1;1;342;R2_D;7;;707005;R2_C;607100;R2_D;;;;;;;;
343;1;1;343;R2_D;7;;707005;R2_C;607100;R2_D;;;;;;;;
344;1;1;344;R2_D;7;;707005;R2_C;607100;R2_D;;;;;;;;
345;1;1;345;R2_D;7;;707005;R2_C;607100;R2_D;;;;;;;;
346;1;1;346;R2_D;7;;707005;R2_C;607100;R2_D;;;;;;;;
347;1;1;347;R2_D;7;;707005;R2_C;607100;R2_D;;;;;;;;
348;1;1;348;R2_D;7;;707005;R2_C;607100;R2_D;;;;;;;;
349;1;1;349;R2_D;7;;707005;R2_C;607100;R2_D;;;;;;;;
350;1;1;350;R2_D;7;;707005;R2_C;607100;R2_D;;;;;;;;
351;1;1;351;R2_D;7;;707005;R2_C;607100;R2_D;;;;;;;;
352;1;1;352;R2_D;7;;707005;R2_C;607100;R2_D;;;;;;;;
353;1;1;353;R2_D;7;;707005;R2_C;607100;R2_D;;;;;;;;
354;1;1;354;R2_D;7;;707005;R2_C;607100;R2_D;;;;;;;;
355;1;1;355;R2_D;7;;707005;R2_C;607100;R2_D;;;;;;;;
356;1;1;356;R2_D;7;;707005;R2_C;607100;R2_D;;;;;;;;
357;1;1;357;R2_D;7;;707005;R2_C;607100;R2_D;;;;;;;;
358;1;1;358;R2_D;7;;707005;R2_C;607100;R2_D;;;;;;;;
359;1;1;359;R2_D;7;;707005;R2_C;607100;R2_D;;;;;;;;
360;1;1;360;R2_D;7;;707005;R2_C;607100;R2_D;;;;;;;;
361;1;1;361;R2_D;7;;707005;R2_C;607100;R2_D;;;;;;;;
362;1;1;362;R2_D;7;;707005;R2_C;607100;R2_D;;;;;;;;
363;1;1;363;R2_D;7;;707005;R2_C;607100;R2_D;;;;;;;;
364;1;1;364;R2_D;7;;707005;R2_C;607100;R2_D;;;;;;;;
365;1;1;365;R2_D;7;;707005;R2_C;607100;R2_D;;;;;;;;
366;1;1;366;R2_D;7;;707005;R2_C;607100;R2_D;;;;;;;;
367;1;1;367;R2_D;7;;707005;R2_C;607100;R2_D;;;;;;;;
368;1;1;368;R2_D;7;;707005;R2_C;607100;R2_D;;;;;;;;
369;1;1;369;R2_D;7;;707005;R2_C;607100;R2_D;;;;;;;;
370;1;1;370;R2_D;7;;707005;R2_C;607100;R2_D;;;;;;;;
371;1;1;371;R2_D;7;;707005;R2_C;607100;R2_D;;;;;;;;
372;1;1;372;R2_D;7;;707005;R2_C;607100;R2_D;;;;;;;;
373;1;1;373;R2_D;7;;707005;R2_C;607100;R2_D;;;;;;;;
374;1;1;374;R2_D;7;;707005;R2_C;607100;R2_D;;;;;;;;
375;1;1;375;R2_D;7;;707005;R2_C;607100;R2_D;;;;;;;;
376;1;1;376;R2_D;7;;707005;R2_C;607100;R2_D;;;;;;;;
377;1;1;377;R2_D;7;;707005;R2_C;607100;R2_D;;;;;;;;
378;1;1;378;R2_D;7;;707005;R2_C;607100;R2_D;;;;;;;;
379;1;1;379;R2_D;7;;707005;R2_C;607100;R2_D;;;;;;;;
380;1;1;380;R2_D;7;;707005;R2_C;607100;R2_D;;;;;;;;
381;1;1;381;R2_D;7;;707005;R2_C;607100;R2_D;;;;;;;;
382;1;1;382;R2_D;7;;707005;R2_C;607100;R2_D;;;;;;;;
383;1;1;383;R2_D;7;;707005;R2_C;607100;R2_D;;;;;;;;
384;1;1;384;N_D;7;;707005;N_C;607100;N_D;;;;;;;;
385;1;1;385;R2_D;7;;707005;R2_C;607100;R2_D;;;;;;;;
386;1;1;386;R2_D;7;;707005;R2_C;607100;R2_D;;;;;;;;
387;1;1;387;R2_D;7;;707005;R2_C;607100;R2_D;;;;;;;;
388;1;1;388;R2_D;7;;707005;R2_C;607100;R2_D;;;;;;;;
389;1;1;389;R2_D;7;;707005;R2_C;607100;R2_D;;;;;;;;
390;1;1;390;R2_D;7;;707005;R2_C;607100;R2_D;;;;;;;;
391;1;1;391;R2_D;7;;707005;R2_C;607100;R2_D;;;;;;;;
392;1;1;392;R2_D;7;;707005;R2_C;607100;R2_D;;;;;;;;
393;1;1;393;R2_D;7;;707005;R2_C;607100;R2_D;;;;;;;;
394;1;1;394;R2_D;7;;707005;R2_C;607100;R2_D;;;;;;;;
395;1;1;395;R2_D;7;;707005;R2_C;607100;R2_D;;;;;;;;
396;1;1;396;R2_D;7;;707005;R2_C;607100;R2_D;;;;;;;;
397;1;1;397;R2_D;7;;707005;R2_C;607100;R2_D;;;;;;;;
398;1;1;398;R2_D;7;;707005;R2_C;607100;R2_D;;;;;;;;
399;1;1;399;R2_D;7;;707005;R2_C;607100;R2_D;;;;;;;;
400;1;1;400;R2_D;7;;707005;R2_C;607100;R2_D;;;;;;;;
401;1;1;401;R2_D;7;;707005;R2_C;607100;R2_D;;;;;;;;
402;1;1;402;R2_D;7;;707005;R2_C;607100;R2_D;;;;;;;;
403;1;1;403;R2_D;7;;707005;R2_C;607100;R2_D;;;;;;;;
404;1;1;404;R2_D;7;;707005;R2_C;607100;R2_D;;;;;;;;
405;1;1;405;R2_D;7;;707005;R2_C;607100;R2_D;;;;;;;;
406;1;1;406;R2_D;7;;707005;R2_C;607100;R2_D;;;;;;;;
407;1;1;407;R2_D;7;;707005;R2_C;607100;R2_D;;;;;;;;
408;1;1;408;R2_D;7;;707005;R2_C;607100;R2_D;;;;;;;;
409;1;1;409;R2_D;7;;707005;R2_C;607100;R2_D;;;;;;;;
410;1;1;410;R2_D;7;;707005;R2_C;607100;R2_D;;;;;;;;
411;1;1;411;R2_D;7;;707005;R2_C;607100;R2_D;;;;;;;;
412;1;1;412;R2_D;7;;707005;R2_C;607100;R2_D;;;;;;;;
413;1;1;413;N_D;7;;707005;N_C;607100;N_D;;;;;;;;
414;1;1;414;N_D;7;;707005;N_C;607100;N_D;;;;;;;;
415;1;1;415;R2_D;7;;707005;R2_C;607100;R2_D;;;;;;;;
416;1;1;416;R2_D;7;;707005;R2_C;607100;R2_D;;;;;;;;
417;1;1;417;R2_D;7;;707005;R2_C;607100;R2_D;;;;;;;;
418;1;1;418;R2_D;7;;707005;R2_C;607100;R2_D;;;;;;;;
419;1;1;419;R2_D;7;;707005;R2_C;607100;R2_D;;;;;;;;
420;1;1;420;R2_D;7;;707005;R2_C;607100;R2_D;;;;;;;;
421;1;1;421;N_D;7;;707005;N_C;607100;N_D;;;;;;;;
422;1;1;422;R2_D;7;;707005;R2_C;607100;R2_D;;;;;;;;
423;1;1;423;R2_D;7;;707005;R2_C;607100;R2_D;;;;;;;;
424;1;1;424;R2_D;7;;707005;R2_C;607100;R2_D;;;;;;;;
425;1;1;425;R2_D;7;;707005;R2_C;607100;R2_D;;;;;;;;
426;1;1;426;R2_D;7;;707005;R2_C;607100;R2_D;;;;;;;;
427;1;1;427;R2_D;7;;707005;R2_C;607100;R2_D;;;;;;;;
428;1;1;428;R2_D;7;;707005;R2_C;607100;R2_D;;;;;;;;
429;1;1;429;R2_D;7;;707005;R2_C;607100;R2_D;;;;;;;;
430;1;1;430;R2_D;7;;707005;R2_C;607100;R2_D;;;;;;;;
431;1;1;431;R2_D;7;;707005;R2_C;607100;R2_D;;;;;;;;
432;1;1;432;R2_D;7;;707005;R2_C;607100;R2_D;;;;;;;;
433;1;1;433;R2_D;7;;707005;R2_C;607100;R2_D;;;;;;;;
434;1;1;434;R2_D;7;;707005;R2_C;607100;R2_D;;;;;;;;
435;1;1;435;R2_D;7;;707005;R2_C;607100;R2_D;;;;;;;;
436;1;1;436;R2_D;7;;707005;R2_C;607100;R2_D;;;;;;;;
437;1;1;437;R2_D;7;;707005;R2_C;607100;R2_D;;;;;;;;
438;1;1;438;R2_D;7;;707005;R2_C;607100;R2_D;;;;;;;;
439;1;1;439;R2_D;7;;707005;R2_C;607100;R2_D;;;;;;;;
440;1;1;440;R2_D;7;;707005;R2_C;607100;R2_D;;;;;;;;
441;1;1;441;R2_D;7;;707005;R2_C;607100;R2_D;;;;;;;;
442;1;1;442;R2_D;7;;707005;R2_C;607100;R2_D;;;;;;;;
443;1;1;443;R2_D;7;;707005;R2_C;607100;R2_D;;;;;;;;
444;1;1;444;R2_D;7;;707005;R2_C;607100;R2_D;;;;;;;;
445;1;1;445;R2_D;7;;707005;R2_C;607100;R2_D;;;;;;;;
446;1;1;446;R2_D;7;;707005;R2_C;607100;R2_D;;;;;;;;
447;1;1;447;N_D;7;;707005;N_C;607100;N_D;;;;;;;;
448;1;1;448;N_D;7;;707005;N_C;607100;N_D;;;;;;;;
449;1;1;449;N_D;7;;707005;N_C;607100;N_D;;;;;;;;
450;1;1;450;R2_D;7;;707005;R2_C;607100;R2_D;;;;;;;;
451;1;1;451;R2_D;7;;707005;R2_C;607100;R2_D;;;;;;;;
452;1;1;452;R2_D;7;;707005;R2_C;607100;R2_D;;;;;;;;
453;1;1;453;R2_D;7;;707005;R2_C;607100;R2_D;;;;;;;;
454;1;1;454;R2_D;7;;707005;R2_C;607100;R2_D;;;;;;;;
455;1;1;455;R2_D;7;;707005;R2_C;607100;R2_D;;;;;;;;
456;1;1;456;R2_D;7;;707005;R2_C;607100;R2_D;;;;;;;;
457;1;1;457;R2_D;7;;707005;R2_C;607100;R2_D;;;;;;;;
458;1;1;458;N_D;7;;707005;N_C;607100;N_D;;;;;;;;
459;1;1;459;R2_D;7;;707005;R2_C;607100;R2_D;;;;;;;;
460;1;1;460;R2_D;7;;707005;R2_C;607100;R2_D;;;;;;;;
461;1;1;461;R2_D;7;;707005;R2_C;607100;R2_D;;;;;;;;
462;1;1;462;R2_D;7;;707005;R2_C;607100;R2_D;;;;;;;;
463;1;1;463;N_D;7;;707005;N_C;607100;N_D;;;;;;;;
464;1;1;464;N_D;7;;707005;N_C;607100;N_D;;;;;;;;
465;1;1;465;N_D;7;;707005;N_C;607100;N_D;;;;;;;;
466;1;1;466;N_D;7;;707005;N_C;607100;N_D;;;;;;;;
467;1;1;467;N_D;7;;707005;N_C;607100;N_D;;;;;;;;
468;1;1;468;N_D;7;;707005;N_C;607100;N_D;;;;;;;;
469;1;1;469;N_D;7;;707005;N_C;607100;N_D;;;;;;;;
470;1;1;470;N_D;7;;707005;N_C;607100;N_D;;;;;;;;
471;1;1;471;N_D;7;;707005;N_C;607100;N_D;;;;;;;;
472;1;1;472;N_D;7;;707005;N_C;607100;N_D;;;;;;;;
473;1;1;473;N_D;7;;707005;N_C;607100;N_D;;;;;;;;
474;1;1;474;N_D;7;;707005;N_C;607100;N_D;;;;;;;;
475;1;1;475;N_D;7;;707005;N_C;607100;N_D;;;;;;;;
476;1;1;476;N_D;7;;707005;N_C;607100;N_D;;;;;;;;
477;1;1;477;N_D;7;;707005;N_C;607100;N_D;;;;;;;;
478;1;1;478;N_D;7;;707005;N_C;607100;N_D;;;;;;;;
479;1;1;479;N_D;7;;707005;N_C;607100;N_D;;;;;;;;
480;1;1;480;N_D;7;;707005;N_C;607100;N_D;;;;;;;;
481;1;1;481;N_D;7;;707005;N_C;607100;N_D;;;;;;;;
482;1;1;482;N_D;7;;707005;N_C;607100;N_D;;;;;;;;
483;1;1;483;N_D;7;;707005;N_C;607100;N_D;;;;;;;;
484;1;1;484;N_D;7;;707005;N_C;607100;N_D;;;;;;;;
485;1;1;485;N_D;7;;707005;N_C;607100;N_D;;;;;;;;
486;1;1;486;N_D;7;;707005;N_C;607100;N_D;;;;;;;;
487;1;1;487;N_D;7;;707005;N_C;607100;N_D;;;;;;;;
488;1;1;488;N_D;7;;707005;N_C;607100;N_D;;;;;;;;
489;1;1;489;N_D;7;;707005;N_C;607100;N_D;;;;;;;;
490;1;1;490;N_D;7;;707005;N_C;607100;N_D;;;;;;;;
491;1;1;491;N_D;7;;707005;N_C;607100;N_D;;;;;;;;
492;1;1;492;N_D;7;;707005;N_C;607100;N_D;;;;;;;;
493;1;1;493;N_D;7;;707005;N_C;607100;N_D;;;;;;;;
494;1;1;494;N_D;7;;707005;N_C;607100;N_D;;;;;;;;
495;1;1;495;N_D;7;;707005;N_C;607100;N_D;;;;;;;;
496;1;1;496;N_D;7;;707005;N_C;607100;N_D;;;;;;;;
497;1;1;497;N_D;7;;707005;N_C;607100;N_D;;;;;;;;
498;1;1;498;N_D;7;;707005;N_C;607100;N_D;;;;;;;;
499;1;1;499;N_D;7;;707005;N_C;607100;N_D;;;;;;;;
500;1;1;500;N_D;7;;707005;N_C;607100;N_D;;;;;;;;
501;1;1;501;N_D;7;;707005;N_C;607100;N_D;;;;;;;;
502;1;1;502;N_D;7;;707005;N_C;607100;N_D;;;;;;;;
503;1;1;503;N_D;7;;707005;N_C;607100;N_D;;;;;;;;
504;1;1;504;N_D;7;;707005;N_C;607100;N_D;;;;;;;;
505;1;1;505;N_D;7;;707005;N_C;607100;N_D;;;;;;;;
506;1;1;506;N_D;7;;707005;N_C;607100;N_D;;;;;;;;
507;1;1;507;N_D;7;;707005;N_C;607100;N_D;;;;;;;;
508;1;1;508;N_D;7;;707005;N_C;607100;N_D;;;;;;;;
509;1;1;509;N_D;7;;707005;N_C;607100;N_D;;;;;;;;
510;1;1;510;N_D;7;;707005;N_C;607100;N_D;;;;;;;;
511;1;1;511;N_D;7;;707005;N_C;607100;N_D;;;;;;;;
512;1;1;512;N_D;7;;707005;N_C;607100;N_D;;;;;;;;
513;1;1;513;N_D;7;;707005;N_C;607100;N_D;;;;;;;;
514;1;1;514;N_D;7;;707005;N_C;607100;N_D;;;;;;;;
515;1;1;515;N_D;7;;707005;N_C;607100;N_D;;;;;;;;
516;1;1;516;N_D;7;;707005;N_C;607100;N_D;;;;;;;;
517;1;1;517;N_D;7;;707005;N_C;607100;N_D;;;;;;;;
518;1;1;518;N_D;7;;707005;N_C;607100;N_D;;;;;;;;
519;1;1;519;N_D;7;;707005;N_C;607100;N_D;;;;;;;;
520;1;1;520;N_D;7;;707005;N_C;607100;N_D;;;;;;;;
521;1;1;521;N_D;7;;707005;N_C;607100;N_D;;;;;;;;
522;1;1;522;N_D;7;;707005;N_C;607100;N_D;;;;;;;;
523;1;1;523;N_D;7;;707005;N_C;607100;N_D;;;;;;;;
524;1;1;524;N_D;7;;707005;N_C;607100;N_D;;;;;;;;
525;1;1;525;N_D;7;;707005;N_C;607100;N_D;;;;;;;;
526;1;1;526;N_D;7;;707005;N_C;607100;N_D;;;;;;;;
527;1;1;527;N_D;7;;707005;N_C;607100;N_D;;;;;;;;
528;1;1;528;N_D;7;;707005;N_C;607100;N_D;;;;;;;;
529;1;1;529;N_D;7;;707005;N_C;607100;N_D;;;;;;;;
530;1;1;530;N_D;7;;707005;N_C;607100;N_D;;;;;;;;
531;1;1;531;N_D;7;;707005;N_C;607100;N_D;;;;;;;;
532;1;1;532;N_D;7;;707005;N_C;607100;N_D;;;;;;;;
533;1;1;533;N_D;7;;707005;N_C;607100;N_D;;;;;;;;
534;1;1;534;N_D;7;;707005;N_C;607100;N_D;;;;;;;;
535;1;1;535;N_D;7;;707005;N_C;607100;N_D;;;;;;;;
536;1;1;536;N_D;7;;707005;N_C;607100;N_D;;;;;;;;
537;1;1;537;N_D;7;;707005;N_C;607100;N_D;;;;;;;;
538;1;1;538;N_D;7;;707005;N_C;607100;N_D;;;;;;;;
539;1;1;539;N_D;7;;707005;N_C;607100;N_D;;;;;;;;
540;1;1;540;N_D;7;;707005;N_C;607100;N_D;;;;;;;;
541;1;1;541;N_D;7;;707005;N_C;607100;N_D;;;;;;;;
542;1;1;542;N_D;7;;707005;N_C;607100;N_D;;;;;;;;
543;1;1;543;N_D;7;;707005;N_C;607100;N_D;;;;;;;;
544;1;1;544;N_D;7;;707005;N_C;607100;N_D;;;;;;;;
545;1;1;545;N_D;7;;707005;N_C;607100;N_D;;;;;;;;
546;1;1;546;N_D;7;;707005;N_C;607100;N_D;;;;;;;;
547;1;1;547;N_D;7;;707005;N_C;607100;N_D;;;;;;;;
548;1;1;548;N_D;7;;707005;N_C;607100;N_D;;;;;;;;
549;1;1;549;N_D;7;;707005;N_C;607100;N_D;;;;;;;;
550;1;1;550;N_D;7;;707005;N_C;607100;N_D;;;;;;;;
551;1;1;551;N_D;7;;707005;N_C;607100;N_D;;;;;;;;
552;1;1;552;N_D;7;;707005;N_C;607100;N_D;;;;;;;;
553;1;1;553;N_D;7;;707005;N_C;607100;N_D;;;;;;;;
554;1;1;554;N_D;7;;707005;N_C;607100;N_D;;;;;;;;
555;1;1;555;N_D;7;;707005;N_C;607100;N_D;;;;;;;;
556;1;1;556;N_D;7;;707005;N_C;607100;N_D;;;;;;;;
557;1;1;557;N_D;7;;707005;N_C;607100;N_D;;;;;;;;
558;1;1;558;N_D;7;;707005;N_C;607100;N_D;;;;;;;;
559;1;1;559;N_D;7;;707005;N_C;607100;N_D;;;;;;;;
560;1;1;560;N_D;7;;707005;N_C;607100;N_D;;;;;;;;
561;1;1;561;N_D;7;;707005;N_C;607100;N_D;;;;;;;;
562;1;1;562;N_D;7;;707005;N_C;607100;N_D;;;;;;;;
563;1;1;563;N_D;7;;707005;N_C;607100;N_D;;;;;;;;
564;1;1;564;N_D;7;;707005;N_C;607100;N_D;;;;;;;;
565;1;1;565;N_D;7;;707005;N_C;607100;N_D;;;;;;;;
566;1;1;566;N_D;7;;707005;N_C;607100;N_D;;;;;;;;
567;1;1;567;N_D;7;;707005;N_C;607100;N_D;;;;;;;;
568;1;1;568;N_D;7;;707005;N_C;607100;N_D;;;;;;;;
569;1;1;569;N_D;7;;707005;N_C;607100;N_D;;;;;;;;
570;1;1;570;N_D;7;;707005;N_C;607100;N_D;;;;;;;;
571;1;1;571;N_D;7;;707005;N_C;607100;N_D;;;;;;;;
572;1;1;572;N_D;7;;707005;N_C;607100;N_D;;;;;;;;
573;1;1;573;N_D;7;;707005;N_C;607100;N_D;;;;;;;;
574;1;1;574;N_D;7;;707005;N_C;607100;N_D;;;;;;;;
575;1;1;575;N_D;7;;707005;N_C;607100;N_D;;;;;;;;
576;1;1;576;N_D;7;;707005;N_C;607100;N_D;;;;;;;;
577;1;1;577;N_D;7;;707005;N_C;607100;N_D;;;;;;;;
578;1;1;578;N_D;7;;707005;N_C;607100;N_D;;;;;;;;
579;1;1;579;N_D;7;;707005;N_C;607100;N_D;;;;;;;;
580;1;1;580;N_D;7;;707005;N_C;607100;N_D;;;;;;;;
581;1;1;581;N_D;7;;707005;N_C;607100;N_D;;;;;;;;
582;1;1;582;N_D;7;;707005;N_C;607100;N_D;;;;;;;;
583;1;1;583;N_D;7;;707005;N_C;607100;N_D;;;;;;;;
584;1;1;584;N_D;7;;707005;N_C;607100;N_D;;;;;;;;
585;1;1;585;N_D;7;;707005;N_C;607100;N_D;;;;;;;;
586;1;1;586;N_D;7;;707005;N_C;607100;N_D;;;;;;;;
587;1;1;587;N_D;7;;707005;N_C;607100;N_D;;;;;;;;
588;1;1;588;N_D;7;;707005;N_C;607100;N_D;;;;;;;;
589;1;1;589;N_D;7;;707005;N_C;607100;N_D;;;;;;;;
590;1;1;590;N_D;7;;707005;N_C;607100;N_D;;;;;;;;
591;1;1;591;N_D;7;;707005;N_C;607100;N_D;;;;;;;;
592;1;1;592;N_D;7;;707005;N_C;607100;N_D;;;;;;;;
593;1;1;593;N_D;7;;707005;N_C;607100;N_D;;;;;;;;
594;1;1;594;N_D;7;;707005;N_C;607100;N_D;;;;;;;;
595;1;1;595;N_D;7;;707005;N_C;607100;N_D;;;;;;;;
596;1;1;596;N_D;7;;707005;N_C;607100;N_D;;;;;;;;
597;1;1;597;N_D;7;;707005;N_C;607100;N_D;;;;;;;;
598;1;1;598;N_D;7;;707005;N_C;607100;N_D;;;;;;;;
599;1;1;599;N_D;7;;707005;N_C;607100;N_D;;;;;;;;
600;1;1;600;N_D;7;;707005;N_C;607100;N_D;;;;;;;;
601;1;1;601;N_D;7;;707005;N_C;607100;N_D;;;;;;;;
602;1;1;602;N_D;7;;707005;N_C;607100;N_D;;;;;;;;
603;1;1;603;N_D;7;;707005;N_C;607100;N_D;;;;;;;;
604;1;1;604;N_D;7;;707005;N_C;607100;N_D;;;;;;;;
605;1;1;605;N_D;7;;707005;N_C;607100;N_D;;;;;;;;
606;1;1;606;N_D;7;;707005;N_C;607100;N_D;;;;;;;;
607;1;1;607;N_D;7;;707005;N_C;607100;N_D;;;;;;;;
608;1;1;608;N_D;7;;707005;N_C;607100;N_D;;;;;;;;
609;1;1;609;N_D;7;;707005;N_C;607100;N_D;;;;;;;;
610;1;1;610;N_D;7;;707005;N_C;607100;N_D;;;;;;;;
611;1;1;611;N_D;7;;707005;N_C;607100;N_D;;;;;;;;
612;1;1;612;N_D;7;;707005;N_C;607100;N_D;;;;;;;;
613;1;1;613;N_D;7;;707005;N_C;607100;N_D;;;;;;;;
614;1;1;614;N_D;7;;707005;N_C;607100;N_D;;;;;;;;
615;1;1;615;N_D;7;;707005;N_C;607100;N_D;;;;;;;;
616;1;1;616;N_D;7;;707005;N_C;607100;N_D;;;;;;;;
617;1;1;617;N_D;7;;707005;N_C;607100;N_D;;;;;;;;
618;1;1;618;N_D;7;;707005;N_C;607100;N_D;;;;;;;;
619;1;1;619;N_D;7;;707005;N_C;607100;N_D;;;;;;;;
620;1;1;620;N_D;7;;707005;N_C;607100;N_D;;;;;;;;
621;1;1;621;N_D;7;;707005;N_C;607100;N_D;;;;;;;;
622;1;1;622;N_D;7;;707005;N_C;607100;N_D;;;;;;;;
623;1;1;623;N_D;7;;707005;N_C;607100;N_D;;;;;;;;
624;1;1;624;N_D;7;;707005;N_C;607100;N_D;;;;;;;;
625;1;1;625;N_D;7;;707005;N_C;607100;N_D;;;;;;;;
626;1;1;626;N_D;7;;707005;N_C;607100;N_D;;;;;;;;
627;1;1;627;N_D;7;;707005;N_C;607100;N_D;;;;;;;;
628;1;1;628;N_D;7;;707005;N_C;607100;N_D;;;;;;;;
629;1;1;629;N_D;7;;707005;N_C;607100;N_D;;;;;;;;
630;1;1;630;N_D;7;;707005;N_C;607100;N_D;;;;;;;;
631;1;1;631;N_D;7;;707005;N_C;607100;N_D;;;;;;;;
632;1;1;632;N_D;7;;707005;N_C;607100;N_D;;;;;;;;
633;1;1;633;N_D;7;;707005;N_C;607100;N_D;;;;;;;;
634;1;1;634;N_D;7;;707005;N_C;607100;N_D;;;;;;;;
635;1;1;635;N_D;7;;707005;N_C;607100;N_D;;;;;;;;
636;1;1;636;N_D;7;;707005;N_C;607100;N_D;;;;;;;;
637;1;1;637;N_D;7;;707005;N_C;607100;N_D;;;;;;;;
638;1;1;638;N_D;7;;707005;N_C;607100;N_D;;;;;;;;
639;1;1;639;N_D;7;;707005;N_C;607100;N_D;;;;;;;;
640;1;1;640;N_D;7;;707005;N_C;607100;N_D;;;;;;;;
641;1;1;641;N_D;7;;707005;N_C;607100;N_D;;;;;;;;
642;1;1;642;N_D;7;;707005;N_C;607100;N_D;;;;;;;;
643;1;1;643;N_D;7;;707005;N_C;607100;N_D;;;;;;;;
644;1;1;644;N_D;7;;707005;N_C;607100;N_D;;;;;;;;
645;1;1;645;N_D;7;;707005;N_C;607100;N_D;;;;;;;;
646;1;1;646;N_D;7;;707005;N_C;607100;N_D;;;;;;;;
647;1;1;647;N_D;7;;707005;N_C;607100;N_D;;;;;;;;
648;1;1;648;N_D;7;;707005;N_C;607100;N_D;;;;;;;;
649;1;1;649;N_D;7;;707005;N_C;607100;N_D;;;;;;;;
650;1;1;650;N_D;7;;707005;N_C;607100;N_D;;;;;;;;
651;1;1;651;N_D;7;;707005;N_C;607100;N_D;;;;;;;;
652;1;1;652;N_D;7;;707005;N_C;607100;N_D;;;;;;;;
653;1;1;653;N_D;7;;707005;N_C;607100;N_D;;;;;;;;
654;1;1;654;N_D;7;;707005;N_C;607100;N_D;;;;;;;;
655;1;1;655;N_D;7;;707005;N_C;607100;N_D;;;;;;;;
656;1;1;656;N_D;7;;707005;N_C;607100;N_D;;;;;;;;
657;1;1;657;N_D;7;;707005;N_C;607100;N_D;;;;;;;;
658;1;1;658;N_D;7;;707005;N_C;607100;N_D;;;;;;;;
659;1;1;659;N_D;7;;707005;N_C;607100;N_D;;;;;;;;
660;1;1;660;N_D;7;;707005;N_C;607100;N_D;;;;;;;;
661;1;1;661;N_D;7;;707005;N_C;607100;N_D;;;;;;;;
662;1;1;662;N_D;7;;707005;N_C;607100;N_D;;;;;;;;
663;1;1;663;N_D;7;;707005;N_C;607100;N_D;;;;;;;;
664;1;1;664;N_D;7;;707005;N_C;607100;N_D;;;;;;;;
665;1;1;665;N_D;7;;707005;N_C;607100;N_D;;;;;;;;
666;1;1;666;N_D;7;;707005;N_C;607100;N_D;;;;;;;;
667;1;1;667;N_D;7;;707005;N_C;607100;N_D;;;;;;;;
668;1;1;668;N_D;7;;707005;N_C;607100;N_D;;;;;;;;
669;1;1;669;N_D;7;;707005;N_C;607100;N_D;;;;;;;;
670;1;1;670;N_D;7;;707005;N_C;607100;N_D;;;;;;;;
671;1;1;671;N_D;7;;707005;N_C;607100;N_D;;;;;;;;
672;1;1;672;N_D;7;;707005;N_C;607100;N_D;;;;;;;;
673;1;1;673;N_D;7;;707005;N_C;607100;N_D;;;;;;;;
674;1;1;674;N_D;7;;707005;N_C;607100;N_D;;;;;;;;
675;1;1;675;N_D;7;;707005;N_C;607100;N_D;;;;;;;;
676;1;1;676;N_D;7;;707005;N_C;607100;N_D;;;;;;;;
677;1;1;677;N_D;7;;707005;N_C;607100;N_D;;;;;;;;
678;1;1;678;N_D;7;;707005;N_C;607100;N_D;;;;;;;;
679;1;1;679;N_D;7;;707005;N_C;607100;N_D;;;;;;;;
680;1;1;680;N_D;7;;707005;N_C;607100;N_D;;;;;;;;
681;1;1;681;N_D;7;;707005;N_C;607100;N_D;;;;;;;;
682;1;1;682;N_D;7;;707005;N_C;607100;N_D;;;;;;;;
683;1;1;683;N_D;7;;707005;N_C;607100;N_D;;;;;;;;
684;1;1;684;N_D;7;;707005;N_C;607100;N_D;;;;;;;;
685;1;1;685;N_D;7;;707005;N_C;607100;N_D;;;;;;;;
686;1;1;686;N_D;7;;707005;N_C;607100;N_D;;;;;;;;
687;1;1;687;N_D;7;;707005;N_C;607100;N_D;;;;;;;;
688;1;1;688;N_D;7;;707005;N_C;607100;N_D;;;;;;;;
689;1;1;689;N_D;7;;707005;N_C;607100;N_D;;;;;;;;
690;1;1;690;N_D;7;;707005;N_C;607100;N_D;;;;;;;;
691;1;1;691;N_D;7;;707005;N_C;607100;N_D;;;;;;;;
692;1;1;692;N_D;7;;707005;N_C;607100;N_D;;;;;;;;
693;1;1;693;N_D;7;;707005;N_C;607100;N_D;;;;;;;;
694;1;1;694;N_D;7;;707005;N_C;607100;N_D;;;;;;;;
695;1;1;695;N_D;7;;707005;N_C;607100;N_D;;;;;;;;
696;1;1;696;N_D;7;;707005;N_C;607100;N_D;;;;;;;;
697;1;1;697;N_D;7;;707005;N_C;607100;N_D;;;;;;;;
698;1;1;698;N_D;7;;707005;N_C;607100;N_D;;;;;;;;
699;1;1;699;N_D;7;;707005;N_C;607100;N_D;;;;;;;;
700;1;1;700;N_D;7;;707005;N_C;607100;N_D;;;;;;;;
701;1;1;701;N_D;7;;707005;N_C;607100;N_D;;;;;;;;
702;1;1;702;N_D;7;;707005;N_C;607100;N_D;;;;;;;;
703;1;1;703;N_D;7;;707005;N_C;607100;N_D;;;;;;;;
704;1;1;704;N_D;7;;707005;N_C;607100;N_D;;;;;;;;
705;1;1;705;N_D;7;;707005;N_C;607100;N_D;;;;;;;;
706;1;1;706;N_D;7;;707005;N_C;607100;N_D;;;;;;;;
707;1;1;707;N_D;7;;707005;N_C;607100;N_D;;;;;;;;
708;1;1;708;N_D;7;;707005;N_C;607100;N_D;;;;;;;;
709;1;1;709;N_D;7;;707005;N_C;607100;N_D;;;;;;;;
710;1;1;710;N_D;7;;707005;N_C;607100;N_D;;;;;;;;
711;1;1;711;N_D;7;;707005;N_C;607100;N_D;;;;;;;;
712;1;1;712;N_D;7;;707005;N_C;607100;N_D;;;;;;;;
713;1;1;713;N_D;7;;707005;N_C;607100;N_D;;;;;;;;
714;1;1;714;N_D;7;;707005;N_C;607100;N_D;;;;;;;;
715;1;1;715;N_D;7;;707005;N_C;607100;N_D;;;;;;;;
716;1;1;716;N_D;7;;707005;N_C;607100;N_D;;;;;;;;
717;1;1;717;N_D;7;;707005;N_C;607100;N_D;;;;;;;;
718;1;1;718;N_D;7;;707005;N_C;607100;N_D;;;;;;;;
719;1;1;719;N_D;7;;707005;N_C;607100;N_D;;;;;;;;
720;1;1;720;N_D;7;;707005;N_C;607100;N_D;;;;;;;;
721;1;1;721;N_D;7;;707005;N_C;607100;N_D;;;;;;;;
722;1;1;722;N_D;7;;707005;N_C;607100;N_D;;;;;;;;
723;1;1;723;N_D;7;;707005;N_C;607100;N_D;;;;;;;;
724;1;1;724;N_D;7;;707005;N_C;607100;N_D;;;;;;;;
725;1;1;725;N_D;7;;707005;N_C;607100;N_D;;;;;;;;
726;1;1;726;N_D;7;;707005;N_C;607100;N_D;;;;;;;;
727;1;1;727;N_D;7;;707005;N_C;607100;N_D;;;;;;;;
728;1;1;728;N_D;7;;707005;N_C;607100;N_D;;;;;;;;
729;1;1;729;N_D;7;;707005;N_C;607100;N_D;;;;;;;;
730;1;1;730;N_D;7;;707005;N_C;607100;N_D;;;;;;;;
731;1;1;731;N_D;7;;707005;N_C;607100;N_D;;;;;;;;
732;1;1;732;N_D;7;;707005;N_C;607100;N_D;;;;;;;;
733;1;1;733;N_D;7;;707005;N_C;607100;N_D;;;;;;;;
734;1;1;734;N_D;7;;707005;N_C;607100;N_D;;;;;;;;
735;1;1;735;N_D;7;;707005;N_C;607100;N_D;;;;;;;;
736;1;1;736;N_D;7;;707005;N_C;607100;N_D;;;;;;;;
737;1;1;737;N_D;7;;707005;N_C;607100;N_D;;;;;;;;
738;1;1;738;N_D;7;;707005;N_C;607100;N_D;;;;;;;;
739;1;1;739;N_D;7;;707005;N_C;607100;N_D;;;;;;;;
740;1;1;740;N_D;7;;707005;N_C;607100;N_D;;;;;;;;
741;1;1;741;N_D;7;;707005;N_C;607100;N_D;;;;;;;;
742;1;1;742;N_D;7;;707005;N_C;607100;N_D;;;;;;;;
743;1;1;743;N_D;7;;707005;N_C;607100;N_D;;;;;;;;
744;1;1;744;N_D;7;;707005;N_C;607100;N_D;;;;;;;;
745;1;1;745;N_D;7;;707005;N_C;607100;N_D;;;;;;;;
746;1;1;746;N_D;7;;707005;N_C;607100;N_D;;;;;;;;
747;1;1;747;N_D;7;;707005;N_C;607100;N_D;;;;;;;;
748;1;1;748;N_D;7;;707005;N_C;607100;N_D;;;;;;;;
749;1;1;749;N_D;7;;707005;N_C;607100;N_D;;;;;;;;
750;1;1;750;N_D;7;;707005;N_C;607100;N_D;;;;;;;;
751;1;1;751;N_D;7;;707005;N_C;607100;N_D;;;;;;;;
752;1;1;752;N_D;7;;707005;N_C;607100;N_D;;;;;;;;
753;1;1;753;N_D;7;;707005;N_C;607100;N_D;;;;;;;;
754;1;1;754;N_D;7;;707005;N_C;607100;N_D;;;;;;;;
755;1;1;755;N_D;7;;707005;N_C;607100;N_D;;;;;;;;
756;1;1;756;N_D;7;;707005;N_C;607100;N_D;;;;;;;;
757;1;1;757;N_D;7;;707005;N_C;607100;N_D;;;;;;;;
758;1;1;758;N_D;7;;707005;N_C;607100;N_D;;;;;;;;
759;1;1;759;N_D;7;;707005;N_C;607100;N_D;;;;;;;;
760;1;1;760;N_D;7;;707005;N_C;607100;N_D;;;;;;;;
761;1;1;761;N_D;7;;707005;N_C;607100;N_D;;;;;;;;
762;1;1;762;N_D;7;;707005;N_C;607100;N_D;;;;;;;;
763;1;1;763;N_D;7;;707005;N_C;607100;N_D;;;;;;;;
764;1;1;764;N_D;7;;707005;N_C;607100;N_D;;;;;;;;
765;1;1;765;N_D;7;;707005;N_C;607100;N_D;;;;;;;;
766;1;1;766;N_D;7;;707005;N_C;607100;N_D;;;;;;;;
767;1;1;767;N_D;7;;707005;N_C;607100;N_D;;;;;;;;
768;1;1;768;N_D;7;;707005;N_C;607100;N_D;;;;;;;;
769;1;1;769;N_D;7;;707005;N_C;607100;N_D;;;;;;;;
770;1;1;770;N_D;7;;707005;N_C;607100;N_D;;;;;;;;
771;1;1;771;N_D;7;;707005;N_C;607100;N_D;;;;;;;;
772;1;1;772;N_D;7;;707005;N_C;607100;N_D;;;;;;;;
773;1;1;773;N_D;7;;707005;N_C;607100;N_D;;;;;;;;
774;1;1;774;N_D;7;;707005;N_C;607100;N_D;;;;;;;;
775;1;1;775;N_D;7;;707005;N_C;607100;N_D;;;;;;;;
776;1;1;776;N_D;7;;707005;N_C;607100;N_D;;;;;;;;
777;1;1;777;N_D;7;;707005;N_C;607100;N_D;;;;;;;;
778;1;1;778;N_D;7;;707005;N_C;607100;N_D;;;;;;;;
779;1;1;779;N_D;7;;707005;N_C;607100;N_D;;;;;;;;
780;1;1;780;N_D;7;;707005;N_C;607100;N_D;;;;;;;;
781;1;1;781;N_D;7;;707005;N_C;607100;N_D;;;;;;;;
782;1;1;782;N_D;7;;707005;N_C;607100;N_D;;;;;;;;
783;1;1;783;N_D;7;;707005;N_C;607100;N_D;;;;;;;;
784;1;1;784;N_D;7;;707005;N_C;607100;N_D;;;;;;;;
785;1;1;785;N_D;7;;707005;N_C;607100;N_D;;;;;;;;
786;1;1;786;N_D;7;;707005;N_C;607100;N_D;;;;;;;;
787;1;1;787;N_D;7;;707005;N_C;607100;N_D;;;;;;;;
788;1;1;788;N_D;7;;707005;N_C;607100;N_D;;;;;;;;
789;1;1;789;N_D;7;;707005;N_C;607100;N_D;;;;;;;;
790;1;1;790;N_D;7;;707005;N_C;607100;N_D;;;;;;;;
791;1;1;791;N_D;7;;707005;N_C;607100;N_D;;;;;;;;
792;1;1;792;N_D;7;;707005;N_C;607100;N_D;;;;;;;;
793;1;1;793;N_D;7;;707005;N_C;607100;N_D;;;;;;;;
794;1;1;794;N_D;7;;707005;N_C;607100;N_D;;;;;;;;
795;1;1;795;N_D;7;;707005;N_C;607100;N_D;;;;;;;;
796;1;1;796;N_D;7;;707005;N_C;607100;N_D;;;;;;;;
797;1;1;797;N_D;7;;707005;N_C;607100;N_D;;;;;;;;
798;1;1;798;N_D;7;;707005;N_C;607100;N_D;;;;;;;;
799;1;1;799;N_D;7;;707005;N_C;607100;N_D;;;;;;;;
800;1;1;800;N_D;7;;707005;N_C;607100;N_D;;;;;;;;
801;1;1;801;N_D;7;;707005;N_C;607100;N_D;;;;;;;;
802;1;1;802;N_D;7;;707005;N_C;607100;N_D;;;;;;;;
803;1;1;803;N_D;7;;707005;N_C;607100;N_D;;;;;;;;
804;1;1;804;N_D;7;;707005;N_C;607100;N_D;;;;;;;;
805;1;1;805;N_D;7;;707005;N_C;607100;N_D;;;;;;;;
806;1;1;806;N_D;7;;707005;N_C;607100;N_D;;;;;;;;
807;1;1;807;N_D;7;;707005;N_C;607100;N_D;;;;;;;;
808;1;1;808;N_D;7;;707005;N_C;607100;N_D;;;;;;;;
809;1;1;809;N_D;7;;707005;N_C;607100;N_D;;;;;;;;
810;1;1;810;N_D;7;;707005;N_C;607100;N_D;;;;;;;;
811;1;1;811;N_D;7;;707005;N_C;607100;N_D;;;;;;;;
812;1;1;812;N_D;7;;707005;N_C;607100;N_D;;;;;;;;
813;1;1;813;N_D;7;;707005;N_C;607100;N_D;;;;;;;;
814;1;1;814;N_D;7;;707005;N_C;607100;N_D;;;;;;;;
815;1;1;815;N_D;7;;707005;N_C;607100;N_D;;;;;;;;
816;1;1;816;N_D;7;;707005;N_C;607100;N_D;;;;;;;;
817;1;1;817;N_D;7;;707005;N_C;607100;N_D;;;;;;;;
818;1;1;818;N_D;7;;707005;N_C;607100;N_D;;;;;;;;
819;1;1;819;N_D;7;;707005;N_C;607100;N_D;;;;;;;;
820;1;1;820;N_D;7;;707005;N_C;607100;N_D;;;;;;;;
821;1;1;821;N_D;7;;707005;N_C;607100;N_D;;;;;;;;
822;1;1;822;N_D;7;;707005;N_C;607100;N_D;;;;;;;;
823;1;1;823;N_D;7;;707005;N_C;607100;N_D;;;;;;;;
824;1;1;824;N_D;7;;707005;N_C;607100;N_D;;;;;;;;
825;1;1;825;N_D;7;;707005;N_C;607100;N_D;;;;;;;;
826;1;1;826;N_D;7;;707005;N_C;607100;N_D;;;;;;;;
827;1;1;827;N_D;7;;707005;N_C;607100;N_D;;;;;;;;
828;1;1;828;N_D;7;;707005;N_C;607100;N_D;;;;;;;;
829;1;1;829;N_D;7;;707005;N_C;607100;N_D;;;;;;;;
830;1;1;830;N_D;7;;707005;N_C;607100;N_D;;;;;;;;
831;1;1;831;N_D;7;;707005;N_C;607100;N_D;;;;;;;;
832;1;1;832;N_D;7;;707005;N_C;607100;N_D;;;;;;;;
833;1;1;833;N_D;7;;707005;N_C;607100;N_D;;;;;;;;
834;1;1;834;N_D;7;;707005;N_C;607100;N_D;;;;;;;;
835;1;1;835;N_D;7;;707005;N_C;607100;N_D;;;;;;;;
836;1;1;836;N_D;7;;707005;N_C;607100;N_D;;;;;;;;
837;1;1;837;N_D;7;;707005;N_C;607100;N_D;;;;;;;;
838;1;1;838;N_D;7;;707005;N_C;607100;N_D;;;;;;;;
839;1;1;839;N_D;7;;707005;N_C;607100;N_D;;;;;;;;
840;1;1;840;N_D;7;;707005;N_C;607100;N_D;;;;;;;;
841;1;1;841;N_D;7;;707005;N_C;607100;N_D;;;;;;;;
842;1;1;842;N_D;7;;707005;N_C;607100;N_D;;;;;;;;
843;1;1;843;N_D;7;;707005;N_C;607100;N_D;;;;;;;;
844;1;1;844;N_D;7;;707005;N_C;607100;N_D;;;;;;;;
845;1;1;845;N_D;7;;707005;N_C;607100;N_D;;;;;;;;
846;1;1;846;N_D;7;;707005;N_C;607100;N_D;;;;;;;;
847;1;1;847;N_D;7;;707005;N_C;607100;N_D;;;;;;;;
848;1;1;848;N_D;7;;707005;N_C;607100;N_D;;;;;;;;
849;1;1;849;N_D;7;;707005;N_C;607100;N_D;;;;;;;;
850;1;1;850;N_D;7;;707005;N_C;607100;N_D;;;;;;;;
851;1;1;851;N_D;7;;707005;N_C;607100;N_D;;;;;;;;
852;1;1;852;N_D;7;;707005;N_C;607100;N_D;;;;;;;;
853;1;1;853;N_D;7;;707005;N_C;607100;N_D;;;;;;;;
854;1;1;854;N_D;7;;707005;N_C;607100;N_D;;;;;;;;
855;1;1;855;N_D;7;;707005;N_C;607100;N_D;;;;;;;;
856;1;1;856;N_D;7;;707005;N_C;607100;N_D;;;;;;;;
857;1;1;857;N_D;7;;707005;N_C;607100;N_D;;;;;;;;
858;1;1;858;N_D;7;;707005;N_C;607100;N_D;;;;;;;;
859;1;1;859;N_D;7;;707005;N_C;607100;N_D;;;;;;;;
860;1;1;860;N_D;7;;707005;N_C;607100;N_D;;;;;;;;
861;1;1;861;N_D;7;;707005;N_C;607100;N_D;;;;;;;;
862;1;1;862;N_D;7;;707005;N_C;607100;N_D;;;;;;;;
863;1;1;863;N_D;7;;707005;N_C;607100;N_D;;;;;;;;
864;1;1;864;N_D;7;;707005;N_C;607100;N_D;;;;;;;;
865;1;1;865;N_D;7;;707005;N_C;607100;N_D;;;;;;;;
866;1;1;866;N_D;7;;707005;N_C;607100;N_D;;;;;;;;
867;1;1;867;N_D;7;;707005;N_C;607100;N_D;;;;;;;;
868;1;1;868;N_D;7;;707005;N_C;607100;N_D;;;;;;;;
869;1;1;869;N_D;7;;707005;N_C;607100;N_D;;;;;;;;
870;1;1;870;N_D;7;;707005;N_C;607100;N_D;;;;;;;;
871;1;1;871;N_D;7;;707005;N_C;607100;N_D;;;;;;;;
872;1;1;872;N_D;7;;707005;N_C;607100;N_D;;;;;;;;
873;1;1;873;N_D;7;;707005;N_C;607100;N_D;;;;;;;;
874;1;1;874;N_D;7;;707005;N_C;607100;N_D;;;;;;;;
875;1;1;875;N_D;7;;707005;N_C;607100;N_D;;;;;;;;
876;1;1;876;N_D;7;;707005;N_C;607100;N_D;;;;;;;;
877;1;1;877;N_D;7;;707005;N_C;607100;N_D;;;;;;;;
878;1;1;878;N_D;7;;707005;N_C;607100;N_D;;;;;;;;
879;1;1;879;N_D;7;;707005;N_C;607100;N_D;;;;;;;;
880;1;1;880;N_D;7;;707005;N_C;607100;N_D;;;;;;;;
881;1;1;881;N_D;7;;707005;N_C;607100;N_D;;;;;;;;
882;1;1;882;N_D;7;;707005;N_C;607100;N_D;;;;;;;;
883;1;1;883;N_D;7;;707005;N_C;607100;N_D;;;;;;;;
884;1;1;884;N_D;7;;707005;N_C;607100;N_D;;;;;;;;
885;1;1;885;N_D;7;;707005;N_C;607100;N_D;;;;;;;;
886;1;1;886;N_D;7;;707005;N_C;607100;N_D;;;;;;;;
887;1;1;887;N_D;7;;707005;N_C;607100;N_D;;;;;;;;
888;1;1;888;N_D;7;;707005;N_C;607100;N_D;;;;;;;;
889;1;1;889;N_D;7;;707005;N_C;607100;N_D;;;;;;;;
890;1;1;890;N_D;7;;707005;N_C;607100;N_D;;;;;;;;
891;1;1;891;N_D;7;;707005;N_C;607100;N_D;;;;;;;;
892;1;1;892;N_D;7;;707005;N_C;607100;N_D;;;;;;;;
893;1;1;893;N_D;7;;707005;N_C;607100;N_D;;;;;;;;
894;1;1;894;N_D;7;;707005;N_C;607100;N_D;;;;;;;;
895;1;1;895;N_D;7;;707005;N_C;607100;N_D;;;;;;;;
896;1;1;896;N_D;7;;707005;N_C;607100;N_D;;;;;;;;
897;1;1;897;N_D;7;;707005;N_C;607100;N_D;;;;;;;;
898;1;1;898;N_D;7;;707005;N_C;607100;N_D;;;;;;;;
899;1;1;899;N_D;7;;707005;N_C;607100;N_D;;;;;;;;
900;1;1;900;N_D;7;;707005;N_C;607100;N_D;;;;;;;;
901;1;1;901;N_D;7;;707005;N_C;607100;N_D;;;;;;;;
902;1;1;902;N_D;7;;707005;N_C;607100;N_D;;;;;;;;
903;1;1;903;N_D;7;;707005;N_C;607100;N_D;;;;;;;;
904;1;1;904;N_D;7;;707005;N_C;607100;N_D;;;;;;;;
905;1;1;905;N_D;7;;707005;N_C;607100;N_D;;;;;;;;
906;1;1;906;N_D;7;;707005;N_C;607100;N_D;;;;;;;;
907;1;1;907;N_D;7;;707005;N_C;607100;N_D;;;;;;;;
908;1;1;908;N_D;7;;707005;N_C;607100;N_D;;;;;;;;
909;1;1;909;N_D;7;;707005;N_C;607100;N_D;;;;;;;;
910;1;1;910;N_D;7;;707005;N_C;607100;N_D;;;;;;;;
911;1;1;911;N_D;7;;707005;N_C;607100;N_D;;;;;;;;
912;1;1;912;N_D;7;;707005;N_C;607100;N_D;;;;;;;;
913;1;1;913;N_D;7;;707005;N_C;607100;N_D;;;;;;;;
914;1;1;914;N_D;7;;707005;N_C;607100;N_D;;;;;;;;
915;1;1;915;N_D;7;;707005;N_C;607100;N_D;;;;;;;;
916;1;1;916;N_D;7;;707005;N_C;607100;N_D;;;;;;;;
917;1;1;917;N_D;7;;707005;N_C;607100;N_D;;;;;;;;
918;1;1;918;N_D;7;;707005;N_C;607100;N_D;;;;;;;;
919;1;1;919;N_D;7;;707005;N_C;607100;N_D;;;;;;;;
920;1;1;920;N_D;7;;707005;N_C;607100;N_D;;;;;;;;
921;1;1;921;N_D;7;;707005;N_C;607100;N_D;;;;;;;;
922;1;1;922;N_D;7;;707005;N_C;607100;N_D;;;;;;;;
923;1;1;923;N_D;7;;707005;N_C;607100;N_D;;;;;;;;
924;1;1;924;N_D;7;;707005;N_C;607100;N_D;;;;;;;;
925;1;1;925;N_D;7;;707005;N_C;607100;N_D;;;;;;;;
926;1;1;926;N_D;7;;707005;N_C;607100;N_D;;;;;;;;
927;1;1;927;N_D;7;;707005;N_C;607100;N_D;;;;;;;;
928;1;1;928;N_D;7;;707005;N_C;607100;N_D;;;;;;;;
929;1;1;929;N_D;7;;707005;N_C;607100;N_D;;;;;;;;
930;1;1;930;N_D;7;;707005;N_C;607100;N_D;;;;;;;;
931;1;1;931;N_D;7;;707005;N_C;607100;N_D;;;;;;;;
932;1;1;932;N_D;7;;707005;N_C;607100;N_D;;;;;;;;
933;1;1;933;N_D;7;;707005;N_C;607100;N_D;;;;;;;;
934;1;1;934;N_D;7;;707005;N_C;607100;N_D;;;;;;;;
935;1;1;935;N_D;7;;707005;N_C;607100;N_D;;;;;;;;
936;1;1;936;N_D;7;;707005;N_C;607100;N_D;;;;;;;;
937;1;1;937;N_D;7;;707005;N_C;607100;N_D;;;;;;;;
938;1;1;938;N_D;7;;707005;N_C;607100;N_D;;;;;;;;
939;1;1;939;N_D;7;;707005;N_C;607100;N_D;;;;;;;;
940;1;1;940;N_D;7;;707005;N_C;607100;N_D;;;;;;;;
941;1;1;941;N_D;7;;707005;N_C;607100;N_D;;;;;;;;
942;1;1;942;N_D;7;;707005;N_C;607100;N_D;;;;;;;;
943;1;1;943;N_D;7;;707005;N_C;607100;N_D;;;;;;;;
944;1;1;944;N_D;7;;707005;N_C;607100;N_D;;;;;;;;
945;1;1;945;N_D;7;;707005;N_C;607100;N_D;;;;;;;;
946;1;1;946;N_D;7;;707005;N_C;607100;N_D;;;;;;;;
947;1;1;947;N_D;7;;707005;N_C;607100;N_D;;;;;;;;
948;1;1;948;N_D;7;;707005;N_C;607100;N_D;;;;;;;;
949;1;1;949;N_D;7;;707005;N_C;607100;N_D;;;;;;;;
950;1;1;950;N_D;7;;707005;N_C;607100;N_D;;;;;;;;
951;1;1;951;N_D;7;;707005;N_C;607100;N_D;;;;;;;;
952;1;1;952;N_D;7;;707005;N_C;607100;N_D;;;;;;;;
953;1;1;953;N_D;7;;707005;N_C;607100;N_D;;;;;;;;
954;1;1;954;N_D;7;;707005;N_C;607100;N_D;;;;;;;;
955;1;1;955;N_D;7;;707005;N_C;607100;N_D;;;;;;;;
956;1;1;956;N_D;7;;707005;N_C;607100;N_D;;;;;;;;
957;1;1;957;N_D;7;;707005;N_C;607100;N_D;;;;;;;;
958;1;1;958;N_D;7;;707005;N_C;607100;N_D;;;;;;;;
959;1;1;959;N_D;7;;707005;N_C;607100;N_D;;;;;;;;
960;1;1;960;N_D;7;;707005;N_C;607100;N_D;;;;;;;;
961;1;1;961;N_D;7;;707005;N_C;607100;N_D;;;;;;;;
962;1;1;962;N_D;7;;707005;N_C;607100;N_D;;;;;;;;
963;1;1;963;N_D;7;;707005;N_C;607100;N_D;;;;;;;;
964;1;1;964;N_D;7;;707005;N_C;607100;N_D;;;;;;;;
965;1;1;965;N_D;7;;707005;N_C;607100;N_D;;;;;;;;
966;1;1;966;N_D;7;;707005;N_C;607100;N_D;;;;;;;;
967;1;1;967;N_D;7;;707005;N_C;607100;N_D;;;;;;;;
968;1;1;968;N_D;7;;707005;N_C;607100;N_D;;;;;;;;
969;1;1;969;N_D;7;;707005;N_C;607100;N_D;;;;;;;;
970;1;1;970;N_D;7;;707005;N_C;607100;N_D;;;;;;;;
971;1;1;971;N_D;7;;707005;N_C;607100;N_D;;;;;;;;
972;1;1;972;N_D;7;;707005;N_C;607100;N_D;;;;;;;;
